ID,Text,Class
1,Ye bhi illegal immigrant lag rahi hai -- NRC register mein iska naam check karwana chaheye,?
2,"Yeah I asked someone about her skirt today and she said it was from ASOS and I was like I don't have time to buy and send back 1,000 things for the sake of finding one thing I like",?
3,You need to clean your SELECTIVE HEARING COBWEBS OUT OF YOUR EARS Tells Live TV when she wins her election Were Going To IMPEACH TRUMPS FIng ASS /Thats More Offensive Than Send Her Back #FakeOutrageDemocrats #FakeOutrageDemocrats #FakeOutrageChrisWallace,?
4,It easy to complain and criticize with no offering of a solution. Close the border and send them back home.,?
5,"Guess the send-them-back policy of your friend' has hit a little too close to home, huh, G? Funny how that works.",?
6,MAGA chanting send her back. Racism exploitation is now top agenda for make America white again,?
7,But he tweeted send her back. That's way more important. Just ask any Liberal Sunday show host including Chris Wallace.,?
8,"This blend of nativism, racism, and nationalism is central to Trumpism, to their worldview, writes They view me as, they disregard me as, an illegal alien, like those four progressive congresswomen of color.",?
9,So you demonize all undocumented immigrants over the actions of one. There are undocumented immigrants who,?
10,When your fan base was screaming send them back ... were they referring to both of your ex-wives??,?
11,Imagine all of those illegal criminals crossing the desert endangering their families in this heat! If they would just,?
12,That the fire started by the illegal alien or the powerline in the mismanaged forest? #ClimateHoax,?
13,Believe what you want but most were talking about how you said nothing to your supporters when they started their chant send her back you basked in what they were saying. Then you made up some bullshit that you didnt like it but they are patriots. So crowd size never came up.,?
14,And calls them unpatriotic . Says the people chanting send her back at his hate rally are all incredible people who love this country. Can you get things any more backwards?,?
15,"I do. As a Christian born in an Islamic country, my family immigrated to the USA because ppl like her. So no, I dont want this infestation here. SEND HER BACK!",?
16,"I don't know who's going to win, but it's not going to be Trump. He needs independents and moderates to win, but is doing everything in his power to turn them away. This send her back shit ain't gonna cut it.",?
17,is the shining example of the pathetic RINO who thinks if you don't raise your voice or u take the high road on conflict then everybody will like you. Well that's completely wrong - it's time to stand up to these cretins. Quit being weak!,?
18,"Very sweet, nice, I love it! BUT, it gives cover to Trump and his hateful supporters to claim they were merely chanting Send her back.... (to Minnesota) , not Send her back to Africa which is what many of us who know the history of Send them back in America heard.",?
19,"Let them out Chuckles, send them back its that simple .. stop trying to make a spectacle of your visit those people are free to leave .",?
20,You are quite delusional. The entire world is horrified- by your racist tweets and the chilling send her back chants - which you let go on for 12 seconds. World leaders are speaking against your actions. You are dangerous.,?
21,Donald Trump row Sajid Javid condemns 'barely-masked racism of nationalism' Shut up #Javid concent,?
22,"I'm a Latino man and a legal immigrant. I don't see anything racist, if you hate America so much you should GO AWAY. In Omar's case, it seems that she has committed immigration FRAUD. So it's only fair to SEND HER BACK. What's racist about that? Seriously, where's the racism?",?
23,"I send back the five, tell shorty I love her She still gon' act like I ain't done enough These bitches be lying, I ain't got the time That's why I'm in love with my double cup",?
24,Implying that the congressmen and SS guard are the same? If the people chanted send him back its because he was a NAZI and no would condem it! And again no one chanted anything but send her back directed at the minority congresswoman. Horrible outlandish comparison.,?
25,"How do you derive racism from send her back? No one mentions color! Its the content of their character, attitude, not color!",?
26,Fox News Chris Wallace burns down Stephen Miller over Trumps racist lies He let send her back chant go for 13 seconds,?
27,"It's a flat out lie. The video shows it's a lie. More important, he himself started the chant. He started it on Sunday with",?
28,"JUST IN I was not happy with it. I disagree with it, Pres. Trump says of send her back chant from crowd at his campaign ral",?
29,"Bill when someone shows you who they are believe them! He is no Christian, he lied and said he started talking fast when the Send her back chant began when in truth he just stood there with the slightest smirk on his face. He is not a good man.",?
30,"Rally crowd shouts out Send Her Back Is it cuz female, Muslim &amp; black? Trump criticized lots, b4 he was Prez Yet he'",?
31,Remember rumps rally when he asked what he should do to stop the border crossings? One guy shouted shoot them. I find it strange that so many magats chanted send her back at the same time. I believe they were told to. Your thoughts?,?
32,Trump could never truly disavow racist 'Send her back' chant because it is Trumpism incarnate,?
33,Putin &amp; Russia must be laughing that America claims to be a free democratic country. If you criticize the government Trump will call for your exile send them back just like Soviets exiled dissidents-to Siberia?,?
34,"Jobs hmmm most people love the idea of being proud WITH a job then beholden 2 Government hand outs! Stopping ILLEGAL immigration that LITERALLY cost EACH legal household THOUSANDS of dollars! No to mention saving THOUSANDS of immigrant lives, raped, child molestations+sex slavery",?
35,In my city a convicted felon sex offender who is also an illegal immigrant was picked up by Ice at the court house. His family tried to obstruct the officers. I say the convicted felons victims have suffered enough.,?
36,Trump The people who chanted 'Send Her Back' are patriots,?
37,"Oh, instead of Duke he heard group, instead of send-her-back he heard re-cord-crowd, I get it. Papered right over another controversy, didnt ya #DonnyDogWhistle?",?
38,Why send her back is even worse than lock her up - The Washington Post via,?
39,"Actually Lizzie, the disgraces the Cheneys have piled on our nation are so overwhelming its hard to get past them. But then the stormtroopers started the send her back chant &amp; reminded us there are always new disgraces your deviant party members can load onto the shame pile",?
40,When centrist Democrats are running on decriminalizing illegal entry into,?
41,"I think the mirror is true. It is easier to launch non-manned, non-returning machinery at the moon than to send men there and bring them back. Some asteroids are big enough to blast moon rocks clear over to Earth when they hit the moon. There are moon rocks in Antarctic ice.",?
42,"Stand your ground, Mr. President! Send her back! is a shortened version if, Go back, fixt your govt, and come back. Nothing is racist about that! #IStandWithPresTrump",?
43,Chris Wallace cross examining Stephen Miller AKA Joseph Goebbels Dad would have been proud Chris...,?
44,"President Trump is disavowing the send her back chants that came up during his rally last night, per the pool. I was",?
45,Let's talk about Send them back the platform of the leader..,?
46,"The popular vote is not legitimate, not because only the Electoral College counts. Rather, the popular vote i",?
47,"shame on you, when you disavowed that chant send her back I think it was like a stab in the back. How many of your supporters you may lose because they feel you didn't stand up for them. Your supporters have stood behind you from the beginning, where are you!",?
48,A 17 year old Illegal immigrant named Baudilio Salomon Diaz Ambrocio raped a 7 year old so badly in Marietta Georgia that the poor girl required surgery. How many cases like this are we gonna see?,?
49,why would you lie on national TV ? You are condoning these racist remarks. Trump absolutely mentioned the congres,?
50,Thousands of white Americans chanting send her back about a Somali-born US citizen and congresswoman. This is shocking,?
51,White House flack Trump made it clear he 'disagrees with' and 'stands with' people who chanted 'send her back...,?
52,Rep. Ilhan Omar responds to 'send her back' chant with Maya Angelou poem,?
53,"Let's ask them wha they think Are you chanting send her back? Remember, someone could be saying that to both of you.",?
54,#Pence says #Trump 'might' speak out if rally crowd chants 'send her back' again #TheHill,?
55,"Send her back, worst First Lady weve ever had . Instead of spending ridiculous amounts of money on dressed why dont you take that money and buy those poor kids you locked up food and clothes # Send her back",?
56,"Ocasio-Cortez Trump Enjoyed Crowd Saying, 'Send Her Back!'",?
57,"Uh huh nope. Send. Her. Back. Means the chant was directed a FEMALES and implied to return to their place of ORIGIN. So, yeah. Gender and Ethnicity.",?
58,"Mr. Swan probably just forgot the quotation marks,to make it clear that he used the words of Prissident Trumpets followers,who chanted Send her back.Also he didnt stop people chanting it by very quickly starting to speak again. He waited until the chanting almost stopped.",?
59,"So plays by the rules, immigrates legally and achieves by her own hard work and merit a seat in Congress. But chants send her back? Pure racism!",?
60,13 seconds. That's how long Trump rally-goers chanted Send her back! of Rep. Ilhan Omar. Today the president says he disagreed with it. So why didn't he stop them? asked him.,?
61,Why don't we send all Trump supporters back instead. There's more of us. I'm more interested in knowing her than them,?
62,Send her back! chants Trump falsely claims he tried to quell them,?
63,Illegal Alien Who Killed Two Women In Drunken Crash Caught Trying To Flee Country,?
64,Megan Rapinoe slams send her back chants as disgusting and despicable via,?
65,Whats too far for you is my starting line- shes a pro-jihadi immigration fraud... send her back,?
66,"from now on I'll tweet it illegal immigrant [sic] ... sorry to infuriate you, I feel the same. hope you're well",?
67,Did ANYONE actually read Donald Trumps tweet?? He did NOT say send her back! Its been repeated incorrectly over and over!,?
68,There only interest is treating the UK like their ATM machine Freedom of movement to poorer countries is great . We pay the EU to improve their economies then they come here and claim benefits for them to send back to their own countries. Its a double tap on our economy,?
69,Dont send them back they will just come back in the countries they came from do not have room for them! Send them to Guantanamo Bay detention camp Prison in Cuba,?
70,"My commissions are still open, my form is open, anyone can fill out a form and send it in it's just that I won't be able to get to it and correspond with them until I get my internet fully back.",?
71,"WE did not invite them, send them back to their own country. problem solved.",?
72,"Cheney says 'send her back' chants were 'inappropriate,' but weren't about Omar's race or gender Of course not",?
73,"The crowd chants Send her back! Send her back! after Trump goes after At what point can we call this, without h",?
74,"idk if any of u still play #PokemonGO but if u do add me and send me gifts, ill send them back friend code 5812 7450 6522",?
75,Trump's 'Send her Back' rally was a real-life history lesson.,?
76,"no worries! congrats on the great seats! if u happen to make friends with people outside of your group near you or even few rows back, who may be leaving, send them my way lol #Marvel !!!",?
77,An excellent article! No One Really Wants to Send Her Back,?
78,"I wasn't at the rally, I wasn't promoted or coersed, I say whole heartedly..SEND HER BACK. Learn who she is and make your own decision like I did. I want her deported. Not because of the color of her skin..it's based on who she is and what she's done.",?
79,Send Her Back! Send Her Back! Send Her Back! Send Her Back! Send Her Back! Send Her Back! LoveItOrLeaveIt,?
80,"Some of the hired shills for POUTS's rally were practicing the chant with Lara Trump but kept using the words Send her home! After futile attempts at correction, Lara Trump sent them home. But they came back.",?
81,"The Democrats sent a very political and long response memo which they knew, because of sources and methods (and more),",?
82,"Trump intensified his vilification of the 4 congresswomen + underscored that such attacks will be a key part of his strategy for winning re-election...in a 20-min diatribe about them, said they were welcome to leave the US if they do not like his policies.",?
83,Trump and cult really do not see anything wrong at all about Send them back Go back to where you came from Love it or leave it They are completely oblivious to how unAmerican all of that is.,?
84,This 30-second clip shows that Trump told a blatant lie about his reaction to the 'send her back' chants,?
85,After throwing his supporters under the bus this week and disavowing the racist send her back chants heard at his Nor,?
86,Dr. Cornel West describes the moment he heard the racist chants of send her back at the President's rally.,?
87,"Dear Twitter, FUCK YOU! And oh yeah, ILLEGAL ALIEN isn't hate speech. Suspend my account if yours or anyone else's Nazi as",?
88,"While there are daily assaults on ones sensibilities in the political world, crowds shouting Send them back! concerning",?
89,"Yes, it's called build a wall so that we can accept a specific number at a time, provide them adequate amenities as we process their claims, then send those who don't qualify back and accept the next number, as was intended.",?
90,And if you are a gender weird and an illegal alien you got the nobel prize....,?
91,"Wow, your nephew could have stopped the unAmerican Send Her Back! chants but did nothing!",?
92,Fox News host presses WH adviser Stephen Miller on 'Send her back!' chant at Trump rally,?
93,"How is it racist? If a POC was wearing a MAGA hat and upholding the same values and Ideology as Trump, hed have them over for dinner at the White House. How many POC were chanting Send Her Back? Are they racist?",?
94,Sunday Trump Send them back. Monday Trump Send them back. Tuesday Trump Send them back. Wednesday Trump Send them back. Wednesday MAGATS Send them back!!!! Thursday Trump That's not cool and I tried to stop them. Friday Trump Send them back.,?
95,Only illegal alien children. They are superior to us in every way according to the left.,?
96,"Thousands of trump supporters shouting send her back are openly racist. Is that the end game for trump, round up everyone you disagree with and get rid of them. Perhaps deportation is too slow maybe you'll start exterminating them. Do you see where that kind of hatred leads ?",?
97,"Illegal alien, if you come across our borders illegally youre illegal alien and you are not a nationalist,you are not an immigrant, you are a criminal!",?
98,"What struck me is...this young girl did not join in ... at first. But as she looks around the big basketball arena, the delirium of the angry grown-ups is contagious. By the end of the 13 seconds, the girl is starting to mouth the words herself. Send her back! Send her back!",?
99,"Fox News host presses WH adviser Stephen Miller on 'Send her back!' chant at Trump rally, here's the most Racist and disgusting bigot arguing and defending #ScumTrump rhetoric abnormal remaks,#ImpeachScumTrump and his administration. via",?
100,Lara Trump says that the Send her back! chant at President Trumps recent rally in North Carolina a spontaneous crowd response. She lies.,?
101,"Trump/Republicans We don't have a problem with brown people. We just want them to enter legally. Brown people came legally, turned Congresswoman. Trump/Republicans SEND HER BACK! SEND HER BACK! #RacistPresident",?
102,Get back to the you before the parents or teachers or friends or whoever around you contributed to low sense of self wor,?
103,"The send her back is a sound bite that has grown out of context &amp; became a racist comment too from the leftists. If ANYONE cares to listen to the WHOLE speech, he said, go back where you came from and change your ctry then come back and tell us how you did it.",?
104,Dan ranted for like 2 minutes about the send them back chants,?
105,American Patriots wont apologize for chanting Send her back or any slogan about anti-Americans lea,?
106,Fox News' #ChrisWallace questions #StephenMiller on Trump and 'send her back' rally chants #UnitedStates...,?
107,"Just watched a video of Trump's NC rally, and all of them were chanting send her back not unlike the chants at a white supremacy rally. If this doesn't prove that supporting Trump is for exclusively racist individuals, then I don't know what does.",?
108,"First he said he didnt agree with the crowds chants of send her back at his rally, now he praises them as incredi",?
109,"Trump created the send them back chant. This is his fault. He is responsible for controlling his rally crowds. The crowd was following Trumps lead, as the responsibility for this racist frenzy is on his shoulders.",?
110,"He was an illegal alien living illegally in NY. Sad story, but her suicide is on him, not Trump. He should have came h",?
111,"You deserve support! Welcome back, wishing you nothing but positivity in your future. You send out such good vibes, you deserve them back 100x fold!",?
112,"Cheney says 'send her back' chants were 'inappropriate,' but weren't about Omar's race or gender #news",?
113,the UK is the country so desperate for a trade deal with a self-confessed protectionist that it couldnt condemn a Send her back chant,?
114,"Sen Chuckie, I've been to MAGA rallies. We are boisterous and excited and love to show our spirit. I for one would send the Squid back, back home to their districts, i.e. vote them out. I think it is called freedom of speech. Ever heard of it, Dumocrat? I'd send you back, too.",?
115,"I fell asleep Wednesday night early and I woke up to learn about the send her back chant, I was infuriated but also saddened. Along with pedophiles &amp; learning that Cohen was directed by trump &amp; hes going to get away with it made this a tough week. Still I hope!#PoliticsNation",?
116,"Wow. Should we go ahead and build the incinerators now? I mean, its expensive and time consuming to send everyone back, easier just to exterminate them right? (Sorry if too much but honestly the below kind of behavior is so despicable there is no other way to talk about it).",?
117,Its a bit rich for the Tories to criticise Trumps Send them back rhetoric when they literally introduced that as pol,?
118,#HateHoax There is no hoax... 'The Face of Evil' Fascism Expert Warns 'We Are Facing an Emergency' After Trump's 'Send Her Back' Rally,?
119,"This is the WORST kind of dishonesty from Miller, and kudos to Chris Wallace for reporting the 13-second pause &amp; only restarting his speech after the Send Her Back chant had died out on its own. #SundayMorning",?
120,Its a soft mindset with which Klentak and Kapler have infused the players. Remember a few years back wh,?
121,#POLITICS Chris Wallace Shuts Down Stephen Miller's Lie About Racist 'Send Her Back' Chants v,?
122,"Before #President Donald #Trump stepped on stage for a rally in North Carolina on Wednesday, his senior adviser and daughter in law Lara... #AI #Art #International #Video",?
123,I think people realized chanting Send Her Back was not cool. We totally agree that Americans have the right to American - which is why were passionate about this country &amp; dont like it when people DONT like this country (ie The Squad).,?
124,"Wow. Did Trump supporters see their man throw them under the bus? He didnt chant send her back THEY did. And he doesnt agree with it. Oh no, not at all. Funny how the guy you think is fighting for you turned quicker than milk in the sun huh?",?
125,We're loud and clear. Trump has no problem with the fascist send her back chants. And anyone who continues to support him is condoning them.,?
126,Our County is being abused by people like you also.. add that to Mr. Trumps rant... thank you Mr.Trump for trying to stop all the stupid things our country has be doing... #send her back #Trump2020,?
127,"The problem with chanting send her back is that it normalizes hate and generalizes it, used by those who perceive their ethnicity as superior to others (and really cant accept they themselves have an ethnicity, usually Caucasian).",?
128,"I've been called a turncoat, a traitor &amp; a non-latino by a lot of individuals because I support Trump on deporting illegal immigrants. Proud immigrant from Honduras &amp; proud u.s. citizen",?
129,Mary Ann . My heart is w you. I pray God continues 2 give u s,?
130,"If that was true, why isnt the GOP embracing send them back? They defend Trump because theyre scared of a mean tweet, but from Pence on down, they all say they want the chants to stop. If it isnt racist or concerning to the GOP, shouldnt the chants be encouraged?",?
131,"Oh no! This is unbelievable, how can #Twitter ban an #AngelMom? She's her son's advocate, he was killed by a drunk driver illegal alien. Please reinstate her account",?
132,"[2824] So he watered (their flocks) for them; then he turned back to the shade, and saidO my Lord! truly am I in (desperate) need of any good that Thou dost send me! In sha Allah Ma sha Allah Sub han Allah",?
133,"No, propaganda slogans like #KAG &amp; #MAGA ARE similar in look &amp; sound to Gog &amp; Magog from the Book of Revelation. He lied when he said he immediately stop the racist chant, send her back. It took 13 seconds",?
134,"High school senior from North Carolina trying to register 8,000 North Carolinians to vote in place of the 8,000 racists who chanted Send her back at Trump's rally last week. Share to help me get more registered!",?
135,"So, your democrat brown shirts (antifa) beat conservatives to bloody pulps but Trumps supporters wanting an Ameri",?
136,Megan Rapinoe rips over 'send her back' chants 'Sad and disgusting and despicable' #TeamUSA,?
137,"It was always about identifying them to 'send them back'. Her hostile environment has always meant this Windrush, landlords &amp; health professionals acting as immigration officers, the list goes on.",?
138,"Oh pls .. is open to all .. they pay from $100 to $400 to attend the rallies and to repeat when he says send them back then he waits 14 secs and then hell talk is all planned and organized ... everybody knows !!! The receipts are being shown in tweets/,from Orlando rally...",?
139,Send them back send them back send them back send them back!,?
140,Just found a letter of our housing administration in my mailbox. They asked to clean the hallway regularly. Gonna write them a beautiful letter back to send me a detailed record for what they need the additional cost of 100 I pay each month. (1/3),?
141,Mike Pence Skips Chance To Strongly Rebuke 'Send Her Back' Chants- Pence is a Worm!,?
142,Nope! Once you cross into our country illegally you are a criminal and illegal alien criminal,?
143,Xenophobic political cries of send her back turned the St. Louis around in 1939 and sent Bertha Grunthal + 900 souls back,?
144,"Trump's attacks on Ilhan Omar and other congresswomen are 'despicable,' Joe Biden says in L.A. Joe Biden denounces President Trump's attacks against Ilhan Oman and other congresswomen of color a day after Trump supporters at a rally shouted, Send her back.",?
145,Quick summary of response to the send her back chants,?
146,"Trump reverses again, says crowd chanting 'send her back' are 'patriots' #Antifa #AntiRacistAction #BLM #Charlottesville #HeatherHeyer #FakeChristians via",?
147,Now isn't that another reason to say SEND THEM BACK.,?
148,"Pence says Trump might make an effort to stop more send her back chants CBS News chief Washington correspondent Major Garrett sat down with Vice President Mike Pence at Cape Canaveral for an interview on a wide range of topics, including the send her back chants from t",?
149,"Spotted One White nationalist ( from Virginia representing Wyoming who spreads hate, racism",?
150,That gutter girl called Tacha or whatever mannerless girl should send back to her fake life community #BBNajia,?
151,"Omar must be defended, but not because of her views on Israel, gay rights, or progressive taxation. You neednt agree with her on any of those things; in fact, you neednt...",?
152,OK so basically what you're saying yes it's OK for all Of them to come into our country not have to pay taxes And overwhelm our health care system I'm not taking up for him but he never once said send them back The crowd did Hold them accountable. Get your facts Straight.,?
153,Back in the 60s in Wisconsin I can remember hearing you dont belong here. Go back where you came from. Love it or leave it which generally meant if you dont agree with me get out. They should send them all back where they came from. Those were words I heard my father say ....,?
154,Rally when all he did was bask in the glory of the racist chanting Send Her back Now he trying to tell people he doesn't like it and he wanted them to stop. Your supporters are stupid but most Americans don't believe the Bull that comes out of you mouth. #LyingMofo,?
155,Top Brass should have ear to the ground the stupid Idea being toyed with to send AFs Instructors to Afghanistan is stupid we neither have the capability to back them up Logistically nor the wherewithal to extract them when needed.. JAI HO,?
156,"3) And, yes, for your young-uns, the USA really did send men to the moon...and brought them back! The USA of that time was an astonishingly wealthy, powerful, ambitious, and arrogant country. 3/end",?
157,Chris Wallace burns down Stephen Miller over Trumps racist lies He let send her back chant go for 13 seconds | Raw Story is a racist!! And is in bed with KKK Period!!! #RacistPresident,?
158,They follow a president who ON CAMERA stood for 13 seconds while his crowd shouted send her back then said oh I didnt like that &amp; immediately tried to stop them...&amp; none of them realize he just threw them under the bus. Theyd commit suicide if they thought it would help him,?
159,THIS is why Democrats lose elections Because they're more concerned with protecting the feelings of ILLEGAL ALIENS than they are with doing their actual jobs and upholding the interests of the AMERICAN PEOPLE!,?
160,"Meanwhile German Scholars are making comparisons to Trump and Hitler as his adoring throngs chant send her back about a refugee. But sure, an activist that once got dragged out of his rally is now in Congress, THAT'S the real threat to America",?
161,"NO ONE CARES about his crowd size! What we care about is the rampant RACISM this president is putting his stamp of approval on daily! And, just so you all know....all of those people didn't think as one..SEND HER BACK at the exact same time! It was PLANNED.",?
162,A twice-deported illegal alien has been charged with first-degree murder after allegedly shooting and killing an Iowa moth,?
163,"She's great for Republicans. Most Americans (and voters) can't stand this hateful person. She's the best thing going to re-elect outside of his great policies, the economy, and National Security. Wait till Jan 20th, 2021, to send her back. #ImmigrationFraud",?
164,Being from Alabama when I heard Send her back it reminded me of a George Wallace rally back in the 68....72. Wow I tho,?
165,"The enthusiasm? You saw that but didn't hear the SEND HER BACK chants? Also, I hope you realize your blatantly racist tweets have spawned 1960s-era racism all across the country.",?
166,Those CHANTS WERE ORCHESTRATED. Trumps people coached people to uniformly chant send her back PRIOR to the rallys start and trump waited for them to chant that several times before continuing his demonization of Omar. It was premeditated-ORCHESTRATED! #SendTrumpBackToHell,?
167,"Ocasio-Cortez Trump enjoyed crowd saying, 'Send her back!' - Sentinel Colorado #AOC #AlexandriaOcasio-Cortez #TrumpsAmerica #MAGA #TrumpSendHerBack #SendHerBack",?
168,The issue is 40 years in the making. Amnesty and promises. Congress is complicit in human trafficking and exploitation of illegal alien labor. Both sides. please deal with immigration,?
169,Iran? Heck i think we have a chinese spy elaine chao working in our goverment! Lets send her back!!!!!!,?
170,Reunite them with their own country. ILLEGAL ALIEN criminal foreigner who doesn't respect our borders or laws.,?
171,Not if the government just send them all back were they came from,?
172,Chris Wallace burns down Stephen Miller over Trumps racist lies He let send her back chant go for 13 seconds,?
173,"My sweet Daisy has peripheral vestibular syndrome. She wobbles &amp; her head is tilted &amp; bobbles. Hopefully, she will be bac",?
174,We don't want them here living off of our backs they want to come in come in Legally not illegally send them back home.,?
175,melania is a Racist...birther... who doesnt know what she is talking about...send her Back......,?
176,"Obama also separated families at the border, and built cages to house them in. Obama literally said and I quote, Dont send your kids here Bc We will send them back. But it was ok then. Its only a big deal now bc his name is Donald Trump.",?
177,Denver Officials Release Illegal Alien Who Beat A Man To Death,?
178,"The 'send her back' is rascist. It comes from a common phrase of 'go back to your own country'.. which is only said to non-white people. I mean, how many times has someone said that to you? And Trump lied about trying to stop the chant.. he let it run its course.",?
179,Give it up already for goodness sake! You need to get a life! For months you said you had proof of collusion but produced nothing! Give it up! Youre wasting taxpayer money that we cant afford because Democrats want to support every illegal immigrant who creeps into the US,?
180,Lara Trump lies like any other Trump... Lara Trump Does Everything to Downplay Rally,?
181,"Omar is the only one who brought race, religion into the equation! I haven't herd one word mentioning her race, reli",?
182,#LaraTrump lashes out after host accuses her of 'lying' about rally crowd's 'Send her back!' chant. What must be remembered is didn't try to stop the chant. Was it stupidity or racism?,?
183,Or maybe a lot of them are just a$$holes who chant send her back at a woman who came to this country legally - even though they claim to be fine with immigrants who come here legally. It might just be racism.,?
184,Just do who the hell cares about them anyway GO TRUMP GO Virginia Democrats vow to boycott legislature's 400th anniversary celebration if Trump attends | Fox News,?
185,"I thought Lola would grow up after nearly dying but she's back to her soul-squelching nonsense. I hope if Lola kills Kola, they leave Kyle single for awhile just being Kyle. Don't send him from one 'ship to another.",?
186,Two excellent must read pieces that should go viral on racism &amp; euphemismwords matter,?
187,"Trump asked for additional funding for Border Patrol, which could not keep up w the influx of migrants..talked abt the l",?
188,"Ocasio-Cortez Trump enjoyed crowd saying, Send her back!",?
189,"Hey take a tour of LA, Seattle, SanFrancisco, Atlanta. . . much worse conditions? This is just the next wave to ad",?
190,Donald trump needs to go this man said send them back where they came from like we came here voluntarily .... he wouldnt even know where to send us back to,?
191,"On Friday, President Trump walked back his disavowal of a send her back chant at a campaign rally following the same three-stage crisis playbook he used when he defended neo-Nazi protesters in Charlottesville.",?
192,Joaquin Castro Introduces Bill to Eliminate Use of Illegal Alien in U.S. Laws. He wants to call them 'Foreign Natio,?
193,Want to spend a night away from your partner without them feeling lonely? I have your back just send them to me and for a small additional fee R149.99 I'll even have breakfast with them!,?
194,"Give me a break, Democrats chant pigs in a blanket, fry them like bacon and call it playfull, but when a Republica",?
195,Send her back to Jordon!!!! What're you waiting for????,?
196,"The Minnesota lawmaker returned home to cheers and support, while President Trump falsely claims he tried to stop the",?
197,Uh oh... Ivanka just noticed the dog has a BLACK NOSE and that won't do! Grandpa will SEND HER BACK!,?
198,He used the send her back hashtag at the end. That's why he people are saying he is a racist. And they are right.,?
199,Why not send her back to where she lives and if its here just get her hate out of Congress how do you know the rally people met send her back was out of America could mean get her out of Congress?,?
200,Send her back to Minneapolis I here Mall of America is hiring hard to place anti-American ASS HOLES .,?
201,Daily Vindication of himself! when your right your right having to vindicate yourself every 24hr only proves there's something rotten and the smell is being covered up with the Scent of lies,?
202,"I guess your caps-lock was in the wrong position robert. So when BLM chants what do we want, dead cops. When do we want them, now Antifa can chant no trump, no wall, no USA at all and cops and klan go hand in hand but send her back is crossing the line. Neat!",?
203,"I haven't defended the nazi chants, apparently your ok with send her back",?
204,. #POTUS saying Send her back is blatantly racist. We are asking you to speak up &amp; speak out strongly &amp; in,?
205,Your fake news. The only votes Hillary got more then Trump were illegal votes and they were all illegals from Calif. why Dems support open borders. Just wAit till the illegals who have been here and Dreamers find out it will hurt them. They all send their money back home.,?
206,"And then there's his endless harassment of Hillary Clinton, not to mention his harassment of Ilhan Omar. No true president of the U.S. would ever act like a common street thug and criminal.",?
207,"Compared to the constant viciousness, violence and vituperation we witness erupting from the Left, a spontaneous chant of send her back is simply playful and amusing. Nobody got hurt, nor was anyone meant to be",?
208,"Trump reverses again, says crowd chanting 'send her back' are 'patriots' via",?
209,She couldve at least washed the Cheeto dust out of her nasty mouth. Please continue to spread the word that her dad is a war criminal and illegal alien. Soo,?
210,They did show it. It was when he lied and said he didnt like the chant send her back.,?
211,"To all decent Americans, regardless of party, lets vote for decency, integrity and moral leadership in 2020! Lets vote this toxic, divisive and incompetent demagogue out of office!!! #AnyoneButTrump2020",?
212,I identify as an illegal alien. Can I get free housing now?,?
213,"After decades of illegal immigration, the Mexican immigrant population in the U.S. is now declining along with number of Mex",?
214,'Charlotte is no place for racist hate speech' | Mayor Vi Lyles responds to 'send her back' chants from Trump rally,?
215,Stephen Miller Has No Idea How to Separate Trumps Omar Criticism From the Presidents Own Complaints - Stephen Miller is a notorious racist with a career based solely on explicit bigotry; he knows EXACTLY what he is doing.,?
216,How does the GOP play the pro Israel card when they keep,?
217,Chris Wallace burns down Stephen Miller over #Trumps racist lies He let send her back chant go for 13 seconds (via,?
218,Remember when MSM and Democrats chanted Send Her Back to The First Lady Melania Trump by starting the racist #DeportMelania campaign. Heres a little reminder,?
219,"#LizCheney 'Send her back' chant 'inappropriate' but not about race, gender #TheHill",?
220,So is chanting send her back like a Fascist not lunacy?,?
221,"Those are incredible people. Those are incredible patriots, sez the #RacistInChief about the maggots in Greenville who cha",?
222,"John Stonestreet and Warren Cole Smith wade into the tempest over President Trumps latest controversial tweets, in which he suggested that a group of far-left congresswomen of color go back to their countries of origin.",?
223,"ON with Major Garret Pence on Trump not being happy about the send her back chanting at his rally If it happens again he, he might, he might he make an effort to speak out about it WHAT??????? MIGHT MAKE AN EFFO TO SPEAK? #TotalBullshit #Moron",?
224,"'Send Her Back!' Trump Supporters at His N.C. Rally - The Atlantic To them, its like a high school or college rivalry - us vs them",?
225,"You can criticize immigration policy, you can criticize people's views, you can ask questions about where they're born and not have it be seen as racial. Ok, Mr. Miller. So when #TheSquad criticizes Israel, it doesn't mean their anti-Semitic.",?
226,Trump wants to start a race war Ex-advisor says his campaign planned Send her Back chants,?
227,"NewsATW Ilhan Omar and Send Her Back Send her back! they chanted, meaning Representative Ilhan Omar, the Somalia-born Jew-hating weirdo elected to Congress by the ghastly fruitcakes who run things in Minneapolis. President Donald J. Trump, elected president by the ghastl...",?
228,Trump also didnt say to send 4 congresswomen back to their own country. He said to go back and fix them and come back and show us how its done. But that isnt what the media keeps saying,?
229,Send your wife and inlaws back to their country. They are not as Americans. Teach them to speak proper english,?
230,"What's this! DEAD IN THE WATER, CNN's Anderson Cooper accuses Lara Trump of being a liar for pumping up the North Carolina crowd which led to the chant send her back! WHAT do you expect from a fading Network like CNN and biased AC!",?
231,"From The Local Party SCCDP Rowaida_Abdel I dont hate them, Nancy said of Muslims. I just think they should go back where they can be together and have their own country &amp; their own religion. letsgomathias dispatch from Trump's rally is chilli",?
232,Mike Pence Skips Chance To Strongly Rebuke Send Her Back Chants #TrumperyResistance #ImpeachTrump,?
233,Send Her Back is a chant for impeachment. Send Her Back is a chant for protest if impeachment is not called. Send Her Back is a chant that must be addressed on many levels. The path to revolutions are clear the unwillingness to prevent them are not.,?
234,"Omg from were all these Orange people come from, so we can send them back. They are so bad, like rotten bad. They make me sick to my stomach",?
235,Hey ! I loved it ! Damn straight...send her back !!! Shes constantly speaking bad about our great nation If its such garbage then get out!,?
236,"Great opening tonight, take'n on the Fraud Squad. Tell it like it is, no-holds-barred. They're so impetuous and condescending! Send them back to charm school!",?
237,Michelle Obama seemingly swipes at Trump amid 'send her back' controversy Well Tell the 4 bitch squad to quit trashing OUR AMERICA and trying to change it to their way of idiot thinking.They tell Trump to go home but when its back on them its racist,?
238,YEPPER - i`m never going to have 300 followers - I`M NOT BRAGGIN SO DON`T PUT ME DOWN - IVE GOT THE FAST WHEELS AROUND- oh well back to stupid - republicans just love trump - send them back,?
239,So how does feel now that her dad has called the crowd patriots for chanting send her back after initially saying he didn't agree with them and tried to stop them (which we all saw was a lie)?,?
240,"Texas Is SO Red that beto's mob of illegal-alien voters could NOT break thru! ThankYou, Jesus! TheUSA IS FedUp W/theANTI-America/islam-OWNED/left the left's MASSIVE 2020 MELTDOWN LOOMS",?
241,"If she were purple from a place we'd never heard of and was possibly an illegal immigrant, hated the country and hated send her back wouldn't be any more or any less appropriate. It's not about race. Serves the dishonest media to keep the story alive.",?
242,"Individual-1 says he didn't start the send her back chant &amp; refuses responsibility. So he can't control what goes on at his rallies? He can whip them up, but they'll ignore him if he tries to settle them down. One word Mussolini. If they catch on...",?
243,They are NOT immigrants they are ILLEGALS. Send them back. #AmericaFirst #TrumpLandslide2020 #KAG2020,?
244,Gov. Steve Bullock Calls 'Send Her Back' Chants 'a Stain on This Presidency',?
245,What do Lock her up and Send her back have in common? Its pretty obvious.,?
246,"I wonder what reaction would be if 20,000 Native American Indians held a rally Chanting send them back They forget every non-native American is an immigrant!",?
247,"There was literally an entire fascist rally of people chanting send her back. Like all fascist apologists, you and your ratbag outfit are trying to tell people to ignore the evidence of their eyes and ears.",?
248,I suspect the existence of a Bermuda Triangle in my phone. Some mentions disappear when I send them and so I never get an answer back.,?
249,Profile in courage. Mike Pence says Trump 'might make an effort to speak out' if 'send her back' chant happens again via,?
250,"Every illegal alien is a criminal, it is the law. Get a clue.",?
251,"Oh really, Racist apparently never heard of cameras and video tape!",?
252,What law can I break &amp;have you defend me so staunchly?Provide sanctuary from our laws? Political cleanup of YOUR INACTION FOR DECADES is what it is. You have #bloodonyourhands for every death of an American killed by an ILLEGAL ALIEN CRIMINAL you are protecting,?
253,"The past 3 years Democrats and media have enabled hoaxes, called us racists, irredeemable bigots, thugs, deplorable, uneducated",?
254,Send Her Back Is Trumps Most Honest Campaign Slogan via,?
255,"Here are a few quotes Mexicans are rapists The Mexican origin judge cannot be fair Go back to your country to 4 congress-women, of all people. Smug look at his rally as his supporters shouted Send her back. ..coming up on the 240 char limit.",?
256,. said it's unfair that the media went into his office concerned about the Send Her Back chants after the president went out to the South Lawn and clarified exactly what he was talking about. #MediaBuzz,?
257,Crowd chants send her back! at President Trump's combative North Carolina rally,?
258,has taught his supporters to dislike anyone that doesn't look just like them chanting send her back for Congresswomen Ilan Omar is putting her life at risk of physical harm breeding hate agaisnt her.,?
259,"You ever notice when these people send individual texts to you, you send individual texts back to them to show them how annoying it is. But it doesnt bother them lmao",?
260,Trumps Send Her Back rally echoes an earlier U.S. whiff of fascism when people cheered in a stadium in 2003 as a tractor cr,?
261,"Democrats weakness has not appeased the president. Instead, it has only invited bolder challenges to democracy and the rule of law.",?
262,Alien Belonging to another country or nation Illegal Contrary to or forbidden by law How does the term illegal alien connote racism? It is perfectly descriptive of a person's status in this country. Just like resident alien does.,?
263,Twice-Deported Illegal Alien Charged With Three Murders Two Were Children #BuildTheWall #Trump2020,?
264,"When they started to chant Send Her Back, Trump stood on the podium silently like Mussolini letting the crowd chant for 12 seconds before he started speaking again, not once telling them to be quiet. That's not disavowing, that's encouraging them. That's the action of a racist!",?
265,"I congratulate!!!! Senator Sinema. It is better just to send those people back to their country and have them apply in the American Embassy in their countries. So far,all of them have already family in USA.",?
266,Alien invasion. They should be round up and send them back to where they came from PERIOD no but no why.,?
267,"I'm not sure that pointing out or condemning the racist, fascistic and other malignant fantasies of Trump is as useful as getting the rest of the GOP to either fully condemn Trumpism or compel all elected GOP politicians to admit their vile complicity.",?
268,Omarosa Claims 'Send Her Back' Chants Are Planned As Part Of The Rally |,?
269,"Like Ive said before, #ChrisWallace and Shepherd Smith are the only ones at FOX News that dont put up with the BS from the #Trump administration",?
270,"when we look back and say how were there asylum seeking children in cages, how were send her back chants tolerated by the president and why werent rape allegations against the president investigated, we can look at your unrelenting cowardice for the answer. #TermLimits",?
271,"Ohhhhh!! Soooo... send them back? where did i just hear this... oh thats right! At a Trump is gonna kick 2020's azz rally, and we're all gonna be much happier he's prez and not you fools!!",?
272,"Reminder that when a Democratic crowd began to boo Donald Trump (not Lock Him Up, not Send Him Back), Barack Obama admon",?
273,"Wannabe Elizabeth Warren may be willing to look the other way while criminal illegal alien abuses toward Americans pile up, but make no mistake Real President Donald J Trump will not. #Trump2020Landslide #KAG Back in the Tipi with you Mrs Warren. #Pocahontas.",?
274,Damn Trump!!! You were at your own rally Basking in the chants of all those who were saying... SEND HER BACK!! You reveled in it you evil MONSTER! Your racist base loved what you did! And that's not #AlternativeFacts,?
275,The GOP can be grand again but only after they jettison the racist kooks in their party and send them back to their caves.,?
276,"So if the chants weren't about race, then they aren't racist. But send her back would definitely still be bigoted-- as in, If you're not born here, you are less-than. #StillReallyReallyBadLizCheney #StopSplittingHairs",?
277,"We keep forgetting that more Democrats sat the election out than actually came to vote in 2016. Bernie's people and trump's people won't stand a chance. With trump at his rally with people shouting 'Send them back,' will feel the 'Vote them out!' effect in 2020. They will lose.",?
278,"It is weird, MAGA means that Trumpers don't think America is great. Why do Trumpers hate America? Why do Trumpers attack the nation? Why do Trumpers not understand the level of vetting that congresspeople go through? Also, keep whining D-bags, #MNCD5 will send her back.",?
279,Roll the tape of you trying to stop the crowd from chanting Send them back,?
280,"Whos fault is this its yours, build a wall. Send them back to their own countries they are here illegally! Do you not understand what illegally means?",?
281,"Not available in Berkeley, CA. They would probably have to get in manholes to hook up them.. Or they could send back them. Although Berkeley has never been afraid of manholes before..",?
282,When lots of people get together enjoying being a part of large gathering they get excited&amp; say goofy things sometimes Ever been to a concert Ever heard them chant especially USA Send her back may Not have been the best choice of words but they were just words no one was injured!,?
283,"Good column, but I have on very strong disagreement If Ilhan Elmi (Omar) broke immigration and tax laws with part of t being a sham marriage then I 100% want to send her back--and I don't care who it offends.",?
284,"Trump got taken by surprise, didnt see the ambush coming. He didnt say send her back the crowd did. Now we need to ambush the Squad, tell them provocative language is for us both or neither because here women of color are equal. If theyre free to hurl epithets so are we.",?
285,is right about Trump's use of section leaders to spark seemingly spontaneous chants. Go back and watch the NC rally. You can hear the section leader 30 seconds or so before the small crowd starts chanting Send her back.,?
286,"Is essentially a vote against them. None of his other attacks were chant worthy, Creepy Joe is just lame at best and Pocahontas (while horribly racist) has way too many syllables from MAGA people. Send her back hits just the right ring that lock her up did.",?
287,"What fascinates me is how Trump supporters needed this last send her back quote to make them realize who is. Why were the other 1000 reg flags meaningless? Its like as soon as they receive their direct deposit or get the Okay, they finally come to their senses.",?
288,A brief history of the racist phrase go back to Afrika.,?
289,4. Hating illegal/legal immigrants isnt racism.. its just hating them. Immigrant is not a race/color therefore it isnt racism. 5. I am NOT naive or racist.,?
290,"you are all outraged when the crowd chanted send them back. or when Donald Trump told them they could leave, but I didn't hear your outrage when Maxine Waters was telling people to chase down conservatives and tell him they're not welcome here... it's a little bit",?
291,"Dont you mean, Obama? Thats where it all started. Shall I send you all the known videos of him telling them, dont send your kids here, well send them back.",?
292,People who attend these rallies and eat up Trumps lies and chant send her back are exhibiting cultlike behavior. Im not saying all that voted for trump did so out of blind allegiance and willful ignorance. But I am saying that a hell of a lot of them did. And its terrifying.,?
293,"About the sourcing on this CBS report that Ivanka and Melania were really, really upset about send her back, you cannot",?
294,"The easiest way would be to 'follow' them all back, this way when you start typing their Twitter handle or name Twiiter inserts the handle automatically. Then send a nice message to all in one tweet. Like this for example",?
295,I don't see how this #HateHoax situation cancels the fact that hundreds or more were chanting send her back and that ral,?
296,At the next #TrumpHateRally - Trump will continue to bash the four American Congresswomen - his base will chant send her back - Trump will shush them with a wink and a nod - his base will laugh out loud #TrumpIsARacist,?
297,How would Trump feel if people chanted Send her back to his wife?,?
298,"We will not be suggesting conservative leaders go back to the country of their ancestors because we disagree, we will not be calling them communists, we won't be chanting send them back or lock them up, we won't be taking their children from them..if that's what you're asking",?
299,"Ooooh, watching Stephen Miller in context, even worse! Chris Wallace Shuts Down Stephen Millers Lie About Send Her Back Chants",?
300,"Happy #Apollo50th ! I've posted a short article about the moon landing and how it relates to my #scifi comic, Illegal Alien. It's only available on Patreon, starting at the $7 level - check it out!",?
301,"Illegal aliens can be any race , the fact that you are putting a race to the term illegal alien is contradicting your own argument",?
302,#ThingsStupidPeopleSay MAGA Lock her up Build the wall Send them back WWGOWGA Butter emails What he meant was.... triggered 3D chess anything Jebus and tRump in the same sentence Fake News I don't have a racist bone in my body,?
303,It also sticks in my craw to have his white supremacist followers wanting to send her back re Omar because she's anti Israel? I'm confused as to who we are supposed to even hate.,?
304,Illegal Alien Sold Thousands Of Fraudulent IDs Out Of Ohio Document Mill,?
305,All your send her back supporters should apologise!,?
306,"I think he worded what he said very carefully to call to mind, without exactly saying it, the age-old send them back to Africa cliche. He carefully avoided making it racial, knowing dems would make it racial. That was his point - their lack of discernment.",?
307,Im not a Trump fan. I see him as a flawed person capable of good and bad. So I try and call it as I see it. If I call Ilhan Omar an Anti Semite for using anti Semitic tropes how can I not be upset when Trump uses a racist trope like send her back.,?
308,I just saw your video about the illegal alien thing and how the Dems made it a Latino issue. It was then i de,?
309,"This blend of nativism, racism, and nationalism is central to Trumpism, to their worldview, writes Ibram X. Kendi. They view",?
310,"Send her back!!! Somalia is your home??? Didnt you flee from there, marry your brother and apply for asylum here? Its time that get the DOJ to investigate you. may need to send you home!!!!",?
311,"Send them back ,,,,,Send them back,,,,,,,,,,,,,,,,,,,,,,,,,,,,I hope this offends you bad &amp; you will go with them. these are real bad people who want to destroy our country. and U defend them.",?
312,"The send her back chant was ALL ABOUT RACE, XENOPHOBIA, AND MISOGYNY. Lara Trump rehearsed it at POTUS direction for effect during the speech. Americans HATE liars Liz!! Whats more I have already drawn my own conclusion to whether Trump's speech fits this",?
313,But you have seen the masses of women at his rallies chanting send her back and bringing their kids,?
314,"When I hear Send them back! over and over again and know it's about four American congresswomen of color, it solidifies my hunch that it was never about They're entering our country illegally! Nope. You're just racist.",?
315,How did you hold such a position in government and still not understand the difference between legal immigrant and illegal invader?,?
316,Send her back and you with her! NOW THATS A GOOD PLAN!,?
317,"Illegal Immigration Many Selfish Actors Benefit | National Review ... the immigrant himself is not entirely innocent. He knows or does not care to know that by entering the U.S., he has taken a slot from a would-be legal immigrant ...",?
318,"A2 I don't believe any of them did - at least not until after the North Carolina campaign rally when the send her back chants occurred. Our governor did. So did (former gov, current pres. candidate). #AYFKMchat",?
319,SEND.THEM.BACK. LEAVE IF YOU HATE OUR COUNTRY. SOCIALISM has NO PLACE IN AMERICA.,?
320,Send her back is not the same as being told go home when you were young. Trump did not start the chant. Nothing coming out of your mouth is correct. Why???,?
321,"America do you want a party led by an illegal immigrant tax cheat, hates America, married her brother &amp; is trying to kill",?
322,"joins Alex Witt from #PuertoRico, where she is supporting protestors calling for the governors resignat",?
323,Megan rapinhoe (funny last name) can leave with Omar and go directly to Somalia. Where she can play lots of soccer.,?
324,#ChrisWallace presses #StephenMiller on 'send her back' chant at #Trump rally #TheHill,?
325,"Yes we do have to send them back, but I'm still holding you accountable for your part in the election of the current occupant of the White House.",?
326,"I won't link to it here, but I just got a Twitter ad about the truth about illegal immigrant crime, essentially identical in content to 1930s German propaganda against my ancestors.",?
327,Geraldo Rivera Can't Make 'Fox &amp; Friends' Hosts See That Trump Tweets Are Racist,?
328,"Prediction the crowd will chant send her back again. And Trump will smirk and say with a smile, Now now, you'r",?
329,Snotty and say a few hurtful words to you instead I choose to tell you that maybe you need to go back to that college and give them that degree back and as someone with depression you should know that talking to someone like you did could send someone over the edge,?
330,I'm heart-broken that my former party thinks it's acceptable to engage in race-baiting as a political tactic. Discussing Se,?
331,Oh boy. People were literally chanting Send her back at a Trump rally like 3 days ago. He doesnt turn,?
332,"After seeing videos of people chanting send her back on the news, days after President Donald Trump called on four Congre",?
333,What happens if an illegal alien misgenders someone? Collect $200 and go to jail. #MonopolyHumor #CaliforniaIsAJoke #CaliforniaJoke,?
334,"THE TRUTH , Relished His Supporters Chanting #SendHerBack When He Mentioned #IlhanOmar , #AlexandriaOcasioCortez Tells Her Constituents. #RacistPresident #auspol #uspoli",?
335,Send her back is definitely focusing on minority communities.,?
336,"I say send them back ,,, even they dont have a country!!! Istanbul",?
337,"Alien? I don't think any alien would like to live in the most fu**ed up country in the world. But anyways, good luck catching illegal aliens over there.",?
338,"he had less votes than Hilary last time, now attacking people of ethnic backgrounds saying go back to 4 US citizens and that disgusting rally the other day when he allowed a bunch of white people to chant send her back - he's in big trouble",?
339,"Send her back racism, the word socialism for any thing that supports the American people that the 1%. Doesnt want. Fake News for any news story you dont like (a trick of Hitler and Stalin) And keep slave wages so the 1% gets richer. The GOP PAY OF trump Platform",?
340,Does agree is anti-semitic? How about paying a visit to The Anti-Defamation League called Trumps remarks racist and called on him to stop using Israel and Jews as a shield.,?
341,"Rep. Elijah Cummings says the send her back chants remind him of his experience in the fight for desegregation in the 60s When [Trump] does these things... it brings up the same feelings that I had over 50 some years ago, and it's very, very painful",?
342,"i actually feel sorry for the crowd that chanted send her back and I support them 200% ITs been demonized by the communist usa media .. it was a fun, and HARMLESS lockerup chant , a ONE TIME spontaneous rally chant and im proud of the patriots at that rally. Omar is a disgrace!!",?
343,"And from what I see at Pres T's rallies chanting send them back about minorities is the new craze, I know, you and your friends should go to minorities neighborhoods and make a chorus and sing that song to them I bet you like the reaction since you're doing it privately anyway",?
344,"When centrist republicans say We dont really want to send ilhan omar back, the republican base insta ratios them chanting yes we do! Where are the centrist republicans? nowhere to be found.",?
345,European-born Jews suddenly did not count as citizens as fascists rose to power in Germany. There is no mistaking what,?
346,When Democrats care more about illegal alien drama while the cameras are on but do nothing about immigration reform when the,?
347,"We all saw it, it was horrifying. Youre horrible. Youre feeding yourself with the worst instincts of your base. Thats not patriotism, youre not the country nor the flag, youre a crook who con his way to the White House by lying to this same people who chanted Send her Back",?
348,They chanted Send them back while you stood by and smirked. You incite hatred and bigotry and it feeds a part of your personality that is evil. You are evil. You should have said something to try and stop it. I am ashamed to live in N.C. Bigotry is thriving here!,?
349,Leaked photo of Trump in the WH before leaving to his klan rally tonight. His supporters chanted 'send her back' bc Tru,?
350,"You do realize, if send them back becomes a thing, Indigenous people from across the US, Mexico &amp; Canada, can apply to the courts to send all white people back to where they came from. BECAUSE NO WHITE PERSON IS FROM AMERICA. THAT IS HOW STUPID YOU ARE.",?
351,BC students (Illegal Alien) arrest by ICE called highly suggestive of retaliation by federal judge,?
352,"WHY DON'T U JUST SHUT THE HELL UP. U HAVE NO IDEA WHAT THE HELL U ARE TALKING ABOUT. CHANT WAS NOT RACIAL BUT U RACIST DEMS MAKE EVERY DAMN THING RACIST. U ARE HATEFUL,BIGOTS.",?
353,"i think it can be both, that crowd in NC definitely took it one way and he didnt stop them from saying to send Rep. Omar back",?
354,"Trump supporters new rallying cry Send her back! reverberates across nation fraught with racial tension - The Washington Post-F**k Trump, f**k them, YOU go back from whence you came HELL!",?
355,Next time Trump is out with Melania I hope people start chanting send her back at them.,?
356,"Send her back to her own country until they learn to pick up their own poop! Seriously, a white dog right now. Have you flat lined?",?
357,Trump is never going to disavow the racism of his supporters because he views racism as his path to reelection. The Trump supporters who chanted send her back arent patriots. They are racists who dont want anyone who doesnt look like them in the United States.,?
358,Racist Trump could never truly disavow racist 'Send her back' chant because it is Racist Trumpism incarnate,?
359,"Last week, while Trump supporters were chanting Send her back! about Congresswoman was having dinner with her. He then posted this picture and began fundraising for her on social media! Uncle Bernie, thank you for being an ally against bigotry &amp; hatred.",?
360,"Have you shown such heartfelt compassion to any of the hundreds of Americans who have been permanently separated from family at the hands of an illegal immigrant. Fix the border, stop the suffering, do your job.",?
361,Chris Wallace burns down Stephen Miller over Trumps racist lies He let send her back chant go for 13 seconds,?
362,The real reason why Trump distanced himself from Send her back chants?,?
363,Why is the President of the United States instructing Americans to apologize to a foreign country? Why are you worried about what happens to the Democrats? You hate them. Oh right. You are trying to position yourself to avoid send her back,?
364,Yes! Lets send her back!! Shes been always opportunistic... no we know she also is a liar,?
365,SEND HER BACK was chanted at the #TrumpRally and I agree! It wasnt Racist! No matter what color you are YOU can go back,?
366,"So depending on the weather(which it probably rain, AGAIN!) I will be heading up to the back 40 to try and make another video for y'all. Still having trouble uploading to YouTube, but I can still send them DM, or email if requested. Today I want to pattern the Super Blackhawk",?
367,"Assuming he's telling the truth (and she seemed to believe he said it in her tearful post), that is good, because it PROVES a Democrat DIDN'T tell her to go back. No denying the Republican crowd DID chant Send her back /1",?
368,"#ac360 Trump has chased opposition out of the gov, he has proposed changes in who can be a citizen and repealed freedom of speech with the chant send them back. If he starts showing up to rallies in a little black military uniform we should start to worry.",?
369,He used the send her back hashtag at the end. That's why he people are saying he is a racist,?
370,It means send them back to the shitholes they came from. Where ever that may be. You can thank your husband forngettingbthis shit started,?
371,You mean hes behind Felicitys final season where her hippie friend uses literal magic to send her back in time to save her relationship.,?
372,"I see someone read it to you about the 13 seconds it took you to too talk again, letting that crowd chant Send her back.",?
373,"Trump Reverses Again, Says Crowd Chanting 'Send Her Back' Are 'Patriots' | HuffPost",?
374,LMFAO! Trump supporters are chanting send her back LMFAO! She`s from queens LMFAO! Trump supporters are a special kind of stupid! LMFAO!,?
375,How small a statement - and so very wrong. Seems Laura tRump started the Send her back chant? Wow.,?
376,"Ocasio-Cortez Trump Enjoyed Crowd Saying, Send Her Back! via",?
377,That the crowd will repeat the SEND HER BACK chants and Trump will act as if hes trying to kill it.,?
378,President Trump claims Melania and Ivanka did not advise him to denounce Send her back chant,?
379,"Ocasio-Cortez Trump enjoyed crowd saying, 'Send her back!' He smiled and went on with his speech. He could have stopped it and said he didn't approve-by his silence he said he did and the crowd knew it.",?
380,Conservatives would lose it if a Dem said to send Melania back to her country. But when 45 actually says to send back a,?
381,"Yes, it was offensive and low class. But which is worse? A 10 second chant of Send her back or the continual accusation that the president and the border patrol are the equivalent of one of the worst mass murderers in the history of the world?",?
382,I love how Trump threw his supporters under the bus here by saying it was them chanting Send her back and that he didnt have anything to do with it. The guy will throw anyone under the bus.,?
383,[President Trump] made it very clear he disagreed with the chant and ... he stands with those people in North Carolina across the country who support him. Trump campaign's tells when asked where Trump stands on the send her back chant.,?
384,"Also ICYMI, wrote up this moment from earlier when Fox News Chris Wallace hammered Stephen Miller after he claimed Trump made clear that he didnt condone his supporters racist send her back chants at his rally last week.",?
385,. And so the bigger point raised by Wednesdays American hatefest is the question of what are we going to do abo,?
386,The most on-point response to the knuckle-dragging mouth breathers at &amp; regarding #SendHerBack in print!,?
387,An anti-illegal immigrant protest meets a Native American.,?
388,"The president continues to argue that it's not OK for these congresswomen to criticize the country or his policies. When asked why it was OK for him to repeatedly call the U.S. a laughingstock or its foreign policy stupid before he was elected,...",?
389,"Ocasio-Cortez Trump enjoyed crowd saying, 'Send her back!' -",?
390,Big time anti-American illegal alien supporting ACLU.,?
391,"You quietly stood there as they chanted send her back. In this very tweet you're calling them a very big and patriotic crowd, so you supported their racism as they did it and you're supporting them still now.",?
392,People were shocked this past week by the ugly tweets from the President and by the repulsive chants of Send Her Back.,?
393,I don't even get this talking point. Illegal is a reference to someone's immigration status. There is no difference,?
394,such a vile person. You did this during OBAMA and your doing it now. #BabyKillers #SEXTRAFFICKERS,?
395,Not shocked that there are white women who support Trumps racist send her back comments. Anybody whos ever worked at,?
396,I found out my grandpa tried to send my mom to a place where she could hide her pregnancy and then give me away and come back like nothing happened. Ive never felt so loved. Lmao (he likes me now but damn),?
397,Just curious if the send her back crowd noticed their leader threw them under the bus. Probably not. Probably fake news. #itsnotfakenews #hewillturnonyouforratings,?
398,"Illegal Alien Broke Into Florida Home, Tried To Stab Woman To Death",?
399,"The Fraud Squad is making a big deal about the President telling them if they dont like here then go to wherever you think is better,fix that place and come back show us how you did it! But I say if you dont like it here then break into Mexico,send me a postcard .,",?
400,#Obama Did THIS #DirtyDems Continue To Do THIS #EndSanctuaryCities #VoteDemsOut #DeportALLillegals #SaveAmericanChildre,?
401,This president's policies are about stopping things like this,?
402,Fox News Chris Wallace hammered top White House adviser Stephen Miller on Sunday after he claimed President Donald Trump made clear that he didnt condone his supporters racist send her back chants at his rally in North Carolina last week.,?
403,"Either way...For credibility, one must make a decision, stand behind the decision and live with the decision. Trump Reverses Again, Says Crowd Chanting Send Her Back Are Patriots",?
404,"When asked by a reporter if he would ask his supporters not to do it again, President Trump said that he did not agree with the Send her back chant at his rally in North Carolina. This chant being in reference to Congresswoman Ilhan Omar.",?
405,Conservatives All Hate From Us Is A Hoax. Look! Heres some edge cases that prove it. Me But an entire stadium of you scum chanted Send her back like 72 hours ago? #HateHoax,?
406,"What about human trafficking, drug flow, violence against Americans and inappropriate tax expenditure (billions on illegal immigrant criminals)?",?
407,Trump for 13 seconds during SEND HER BACK said not a word NOT ONE WORD But tells people he was trying to get them to stop it NOT ONE WORD WAS SAID Think about that for a minute next time you call this the best president ever,?
408,"For the record... Telling someone to go back to their country is racist. Period. A Pres, being complicit in chants of Send her back re a POC, Congress person - is racist &amp; unacceptable.",?
409,I would say that was probably a big fan of the criminal Alien and Sedition Acts under President John Adams but Im positive hes never heard of them.,?
410,"Also, the back of the room is full of people holding teeny babies that dont belong to them so that mom doesnt have to send a 2 month old to the nursery but also doesnt have to miss out on corporate worship and teaching. I love that.",?
411,I am in favor of sending each and every Islamist back to the Islamic World. I dont want to be a part of their world and I dont want to fall victim to their hatred and violence as already all too many innocent people have. Its reckless and crazy NOT to send them back.,?
412,"ABC News 'Send her back' chants 'very, very painful, extremely divisive' Rep. Elijah Cummings. via",?
413,Are you serious? Under Obama more people were deported than any other admin,?
414,"Twice-Deported Illegal Alien Accused of Murdering Iowa Mother, Her Two Kids",?
415,"Als je niet tevreden bent met je land, kan je in de politiek daar iets aan verbeteren. Hoorde ik iemand zeggen op de radi",?
416,You can get whiplash listening to Trump speak! Yesterday he said he didnt agree with his supporters chanting Send them Back and that he tried to discourage them (As he listened to their chants for 13 seconds). Today hes saying those that chanted are Incredible Patriots!,?
417,Send them all back to the first safe country they traveled to since they left their own.,?
418,You're just NOW going to the illegal immigrant detention center????? Lol! So fake!,?
419,They have freedom of speech just as you said yr moron groupies have for chanting send them back. You cant pick who has to play by the rules and who doesnt. The only one who should be apologising is you #TraitorTrump #TraitorInChief #RacistTrump,?
420,Its funny that the white Americans can start chanting send them back what will the native Indians chant then trump is just the second generation,?
421,Democrats piloting illegal alien tax disguised as gas tax. Current gas tax money in many states is funneled to slush fun,?
422,Can you send me those tweets because I havent seen them. Also why wasnt this happening back in 2017 instead of now?,?
423,If you're someone who is slamming Erica Thomas right now but didn't have a word of recrimination for the thousands of p,?
424,Just send them back to the Stone Age so we can get on with our lives. #growapair,?
425,"Millions of illegal aliens voted for him. Same way Hildabeast received as many votes as she did. Voter fraud, plain &amp; simple. Democrats, importing votes, one alien at a time... #VoterID #BuildTheWall #FollowTheLaw &amp; #DeportThemAll #Trump2020LandslideVictory",?
426,Send her back is pretty tame compared to Mad Maxine Watters telling her constituents to go i,?
427,Stephen Miller should do more public speaking on behalf of the president. TV interviews would work well. He's so good at it (()),?
428,"Less than a day after tweeting this, said shes going to send Trump back where he came from. Will and other Democrats condemn those racist, vile hateful words? Something tells me both her liberal and black privilege will allow her to get away with them",?
429,Actually if you love facts here's one for you. Omar was a legal immigrant. She has been an america 6 years longer than melania. And by the way melania was an illegal. Look it up. It's a fact. So her chain migration family is illegal. Send them back.,?
430,"What's wrong with both major parties is how the send her back argument has become all about racism, when it should be abou",?
431,We had the 'send her back' chants &amp; this grifter decides to hop on the bandwagon &amp; maybe get some deluded individuals to,?
432,Democrats are nothing but big babies as they won't attend an anniversary celebration just because of Trump How can anyone vote for them acting like that ? Virginia Democrats vow to boycott legislature's 400th anniversary celebration if Trump attends,?
433,"Megan Rapinoe Slams Send Her Back Chants Disgusting and Despicable LIBERALS ENJOY THEIR OWN FREEDOM OF SPEECH BUT... THESE SAME LIBERALS DO NOT SUFFER PATRIOTS, CONSERVATIVES HAVING THAT FREEDOM OF SPEECH!",?
434,So true send them back they are here for economic reasons period.,?
435,Trump send them back to where they came from racist chant echo Hitler and the Nazis incitement against the Jews.,?
436,Misconstrued chant? Then enlighten us all about what the chant send her back really meant.,?
437,"Trump distances himself from the Send her back chant he inspired. When asked why he didnt stop them, he said Well number on",?
438,At the next Klan rally Trump says horrible thing about Ilhan Omar Crowd send her back! Send her back! Trump (sarcastically) I gotta tell you to stop that Crowd continues to chant Trump flunkies on Fox Trump told the crowd to stop its not his fault if they carried on.,?
439,"CNN doesn't tell the truth,they inject thier personal opinions.Watched the rally &amp; not all those people were chanting send her was a few who started it.Dont agree w those who chanted.I have heard the vial comments of OmarAOC,Talib,Pressley, yet dont Report",?
440,"Elijah Cummings 'No Doubt' President Trump is Racist, Compares Rally Chants to 1960s Civil Rights Era Bigotry",?
441,"Fake news? Not at all...he could have, immediately, quelshed the racist chanthe chose not to, to let it grow, to let it take root! For 14 seconds, donald stood there, silently, bathing in the racist chant, Send her back! Take off your blinders, hes racist and misogynistic.",?
442,"PARDON THE TRUTHFUL &amp; COLORFUL CANDOR BUT...OMAR IS NOT FROM HERE! SHE WAS liberally MADE A U.S. CITIZEN-(REGRETTABLY,",?
443,"These demons use the Bible just like the devil did, to deceive. Anyone with basic Biblical understanding knows that Abraham is the precursor of Jesus &amp; points to what was to come! The 3 visitors (are not illegal alien invaders) but the wisemen that would visit our Savior Jesus.",?
444,Send them back. Problem solved. Or you could change the laws forcing this horrible situation! Do,?
445,"So send her back is racist but what Dems say about trump, family, cabinet, his voters, what Dems said about Jews. What AOC said about ice agents! Really you flat out pathetic unamerican biased hacks",?
446,WOW! That's A LOT OF AMERICAN HATE ANOTHER SLEEPER CELL TIME BOMB TICKING IN CONGRESSSEND HER BACK YUP!!,?
447,Chris Wallace Shuts Down Stephen Miller's Lie About Racist 'Send Her Back' Chants,?
448,like and and are the direct cause of people chanting 'send her back'. They cherry picked words to twist it into something with no thete there. Nice try but...FAIL,?
449,Chris Wallace Shuts Down Stephen Miller's Lie About Racist 'Send Her Back' Chants -,?
450,Nicholle Trump tries to distance himself from send her back chants. Claims he tried to stop them contradicting video ev,?
451,"All MEGA / President Trump supporters. We need to assist our President with fake news. At President Trumps next rally on August 1st in Cincinnati, lets change the chant from send them back to Vote them out. It will be difficult for the fake news to mess with that chant.",?
452,"#OfCourseTrumpLIED Media outlets saturated the 'didn't like' LIE (Lara prepped it pre-rally) FORCED from 45 &amp; NOT next day's 'Trump reverses again, says crowd chanting 'send her back' R 'incredible patriots'' &amp; re-attacks Congresswomen w/SAME horrific LIES",?
453,"#90Dayfiance Most of these people are on this show to get green cards. Send them back. Larissa is a straight up con artist. Jay is too young to be married. Pedro is in it for the green card, surprised he didn't go find a white woman to try to scam like they usually do.",?
454,"Worth reading, especially if you're Irish-American and proud of it. Send Me Back to the Country I Came From",?
455,Let us not forget it was Chelsea Clinton who was the first to imply is not American &amp; accuse her of anti-Semitism,?
456,Ig every so called zehoye smeticsn would go back to their natural home of origin how many white people would be left on America? SEND THEM BACK Z!,?
457,To start with they shouldnt enter in this country illegally! I flew over 15 hours from my country with exact &amp; complete documentation so I wont be called ILLEGAL ALIEN got it?!,?
458,. GOP has devolved into a personality cult surrounding a racist demagogue who incites a mob to chant ab,?
459,We got enough murderers &amp; child rapists in round them up and send them back forget the human rights. These rats never thought of the people/children they violated ? And maybe the do-gooders who help them would like to go as well. Sure I can set a funding page to pay for 1 way,?
460,"Stop using our money. Send. Them. Back. Stop. Inviting. Freeloaders, thieves, and users. #IStandWithPresTrump #IStandWithTrump",?
461,Drug Czar James W. Carroll More Drugs Are Coming in Than Ever Before Because of Political Diversions,?
462,It happens in little steps. Don't tolerate atrocities.,?
463,Watching Paul Blart with my siblings and no ones ever mentioned that Blarts wife was apparently an illegal immigrant that used Blart to gain citizenship and left him stuck with her kid........wtfffffff who wrote this,?
464,Place where I ordered the wig from ok so you either get 10 EUR and not send it back or 19 EUR and send it back Me the latter Them ok you get 19 and you don't need to send it back Me you tried to trick me haven't you,?
465,Fantasyland numbers again! Yeah I watch the rally you stoke hate and fear in Americans. you didn't try to stop them people from Channing send her back. And stop saying FAKE NEWS if it's live and we all see it it's not FAKE NEWS it's real we're watching it live so sad Donny T,?
466,"What are you babbling about? If you're talking about the Greenville rally he condemned that chant. If you're talking about his tweet, he didn't say send them back. These women are anti-semites and hateful harpies. Where is your outrage at their radical beliefs?",?
467,"Ate them hits. Took em all standing still. Blindsided, confused and couldnt feel. Rode off thinking must be the gainz... And-thats just more money, its time to file that claim. ASAP So as fast as you walked back, send me those checks, a lot quicker than that.",?
468,"Give me an example of racist rhetoric, please. Is Muslim a race? Does a wall see color? Is illegal alien a race? Is your race card worn and smudged from overuse?",?
469,Lara Trump lashes out after CNN host accuses her of 'lying' about rally crowd's Send her back! chant. You were caught on Video Twit.,?
470,Coming up joins us to talk about the fuel added to Trump's fire after a crowd chanted send her back at his rally. Tune in tonight on,?
471,"look at that scary ass looking scared motherfucker can't stand that racist motherfucker,",?
472,3rd angles have never worked in #yrkkh so don't waste time and bring Kartik and,?
473,"THOSE ARE THE VOICES IN YOUR HEAD, DONALD. NOT EVERYONE IS TALKING ABOUT BIG YOUR CROWD WAS. THEY WERE HOWEVER TALKING ABOUT THEIR DEPLORABLE SEND HER BACK CHANT YOU ENCOURAGED AND LET RUN ON, NODDING YOUR HEAD LIKE YOU WERE DANCING TO THE CHANT FOR 13 SECONDS.",?
474,How you sleep at night when you have denied the need for resources?Did you talk to any victims of trafficking,?
475,"Michelle Obama, Hillary slam Trump..Two former First Ladies weighed in on President Trumps send her back comment Friday. Mic",?
476,This! Why send them back when you can incarcerate them?,?
477,"it was sold by amazon directly, so I have no idea. I called the amazon support before I even opened it. I told them I didn't want to open it because I would rather just send it right back. They told me to open it and make sure it was the wrong product.",?
478,U.S. Rep. Alexandria Ocasio-Cortez told constituents that President Donald Trump enjoyed hearing a crowd at his rally earli,?
479,Mike Pence says Trump 'might make an effort to speak out' if 'send her back' chant happens again. Mike Pence needs to stop coddling #NOPE like everyone else.,?
480,"You playing the Trump #AgentOrange card, #MalcolmNotX? Go back where you belong ? Send her back? Trying hard to hide your latent racism and shall we say word soup of hiding behind muslim is not a race ? there is discrimination against religion too",?
481,"Joongs eye infection, Mingis illness, Hwa &amp; Yeos injury, Woos back pain! ALL OF THEM LOOKED SOO EXHAUSTED!Expedition t",?
482,"Regarding the send her back chanting,,,The chant you need to encourage is VOTE THEM OUT!",?
483,"Cincinnati don't need any Send her back chants, but I'll be sure to try an start a Free A$AP chant",?
484,Heres the time-lapse of Trump speaking very quickly to stop the audience from chanting SEND HER BACK! This man is,?
485,"Hi David, I'm sorry to hear your Argos order was declined. This is not us declining the purchase this is the retailer. I will review your claim on Monday and send it back to Argos and ask them to review the purchase. We will contact you on Monday via email. &gt; Danielle",?
486,"3/ Watch again, full screen at 0027 in this video. Trump visibly nods in affirmation as he steps away from the podium while Greenville, NC crowd chants Send her back! Is lying about nodding? #WeReportYouDecide",?
487,Mike Pence says Trump 'might make an effort to speak out' if 'send her back' chant happens again - USA TODAY #Politics #PoliticalParties #Government,?
488,ESPN Gets Political Again As Dan Le Batard Rips Trump Rally Send Her Back Chant,?
489,"Send #Melania #Trump back to where she came from, along with her parents!",?
490,"Hi Sunny! Love you on the View! I'm a high school senior in NC trying to register 8,000 new voters in place of the",?
491,"In 2010 when 10 Russian covert spys were arrested on US soil, Joe Biden was asked by Jay Leno",?
492,I can understand the outrage at send her back but I cannot understand the lack of outrage at Trump supporters must be...d,?
493,send them back! Guess it's OK when the subject is Jews.,?
494,Its hauntingly scary that every time I see an American flag lately I feel shame - not pride. Its incredibly difficult to feel patriotic when your country is chanting send her back and locking kids in cages and stripping women of fundamental rights and... on and on.,?
495,"You dont care about the people. You care about playing politics. Its simple, send them back to the country they came from and build the wall. Then only people who came legally can get in.",?
496,By the way Chucky. When Obama was in there you seem to want to deport a illegal alien Criminal but change your mind I know one reason you're losing voters because nobody in this country once your Marxist States let alone you and your girl telling us what to do,?
497,"Exactly. Obama used strong language about borders, rapists, sex and human trafficking during his presidency and no one called him a racist. Trump says nearly the exact same words and he is a racist. Why? State show Obama 2016 arrested more than Trump has.",?
498,"If corporations can be sued and punished for the opioid epidemic, why can't States and Cities be sued for their sanctuary city stance when an illegal immigrants kills a citizen or legal immigrant?",?
499,"Lara Trump accuses critics of Send her back of pushing a biased, racially-charged narrative",?
500,"Trump reverses again, says crowd chanting 'send her back' are 'incredible patriots' via",?
